{
    "objects": [
        [
            "building_loads",
            "EN_loads_UTC+00",
            "Average european loads for the UTC+00 time zone. Internal heat gains based on EN 16798-1:2019 Annex C, and domestic hot water demand on EN 12831-3:2017 Annex B."
        ],
        [
            "building_loads",
            "YM_2011_LJ&LKV-LO_UTC+02",
            "Internal heat gains and domestic hot water demand based on the example detached house in the `Lämmitysjärjestelmät ja lämmin käyttövesi - laskentaopas` by the Finnish Ministry of the Environment in 2011. Time pattern corrected for UTC+00 assuming original data was for UTC+02."
        ],
        [
            "building_loads",
            "no_loads",
            "No internal heat gains or domestic hot water demand."
        ]
    ],
    "object_parameter_values": [
        [
            "building_loads",
            "EN_loads_UTC+00",
            "domestic_hot_water_demand_gfa_scaling_W_m2",
            {
                "type": "time_pattern",
                "data": {
                    "h0-1": 0.744681966,
                    "h1-2": 0.562310873,
                    "h2-3": 0.455927734,
                    "h3-4": 0.364742188,
                    "h4-5": 0.592706055,
                    "h5-6": 1.45896875,
                    "h6-7": 4.255325522,
                    "h7-8": 6.489371421,
                    "h8-9": 5.638306316,
                    "h9-10": 4.878426759,
                    "h10-11": 4.665660483,
                    "h11-12": 4.468091798,
                    "h12-13": 4.726450847,
                    "h13-14": 4.179337566,
                    "h14-15": 3.389062826,
                    "h15-16": 2.993925456,
                    "h16-17": 3.373865235,
                    "h17-18": 3.31307487,
                    "h18-19": 4.772043621,
                    "h19-20": 4.270523113,
                    "h20-21": 3.4346556,
                    "h21-22": 3.191494141,
                    "h22-23": 2.355626628,
                    "h23-24": 1.337388021
                }
            },
            "Base"
        ],
        [
            "building_loads",
            "EN_loads_UTC+00",
            "internal_heat_loads_gfa_scaling_W_m2",
            {
                "type": "time_pattern",
                "data": {
                    "h0-1": 3.1,
                    "h1-2": 3.1,
                    "h2-3": 3.1,
                    "h3-4": 3.1,
                    "h4-5": 3.1,
                    "h5-6": 3.1,
                    "h6-7": 2.575238095,
                    "h7-8": 3.055238095,
                    "h8-9": 3.055238095,
                    "h9-10": 2.213333333,
                    "h10-11": 2.213333333,
                    "h11-12": 2.453333333,
                    "h12-13": 2.453333333,
                    "h13-14": 2.543809524,
                    "h14-15": 2.543809524,
                    "h15-16": 2.303809524,
                    "h16-17": 2.575238095,
                    "h17-18": 3.055238095,
                    "h18-19": 3.055238095,
                    "h19-20": 3.566666667,
                    "h20-21": 3.566666667,
                    "h21-22": 3.566666667,
                    "h22-23": 3.34,
                    "h23-24": 3.34
                }
            },
            "Base"
        ],
        [
            "building_loads",
            "YM_2011_LJ&LKV-LO_UTC+02",
            "domestic_hot_water_demand_gfa_scaling_W_m2",
            {
                "type": "time_pattern",
                "data": {
                    "h0-1": 0.067123288,
                    "h1-2": 0.067123288,
                    "h2-3": 0.057534247,
                    "h3-4": 0.326027397,
                    "h4-5": 0.824657534,
                    "h5-6": 1.610958904,
                    "h6-7": 2.493150685,
                    "h7-8": 4.123287671,
                    "h8-9": 4.449315068,
                    "h9-10": 4.478082192,
                    "h10-11": 3.931506849,
                    "h11-12": 3.950684932,
                    "h12-13": 4.075342466,
                    "h13-14": 4.832876712,
                    "h14-15": 4.631506849,
                    "h15-16": 5.571232877,
                    "h16-17": 6.539726027,
                    "h17-18": 8.697260274,
                    "h18-19": 13.10821918,
                    "h19-20": 12.59041096,
                    "h20-21": 6.280821918,
                    "h21-22": 2.483561644,
                    "h22-23": 0.584931507,
                    "h23-24": 0.08630137
                }
            },
            "Base"
        ],
        [
            "building_loads",
            "YM_2011_LJ&LKV-LO_UTC+02",
            "internal_heat_loads_gfa_scaling_W_m2",
            {
                "type": "time_pattern",
                "data": {
                    "h0-1": 2.171779141,
                    "h1-2": 2.171779141,
                    "h2-3": 2.171779141,
                    "h3-4": 3.472392638,
                    "h4-5": 5.251533742,
                    "h5-6": 4.865030675,
                    "h6-7": 3.202453988,
                    "h7-8": 1.343558282,
                    "h8-9": 0.791411043,
                    "h9-10": 0.791411043,
                    "h10-11": 0.791411043,
                    "h11-12": 1.251533742,
                    "h12-13": 3.294478528,
                    "h13-14": 3.441717791,
                    "h14-15": 3.901840491,
                    "h15-16": 9.785276074,
                    "h16-17": 8.607361963,
                    "h17-18": 4.766871166,
                    "h18-19": 12.75460123,
                    "h19-20": 7.147239264,
                    "h20-21": 4.214723926,
                    "h21-22": 3.558282209,
                    "h22-23": 2.171779141,
                    "h23-24": 2.171779141
                }
            },
            "Base"
        ]
    ]
}